text,reciter,duration,local_audio_path
بِسْمِ اللَّهِ الرَّحْمَنِ الرَّحِيمِ,ali_basfar,5.248,audio_0.wav
الْحَمْدُ لِلَّهِ رَبِّ الْعَالَمِينَ,ali_basfar,5.452,audio_1.wav
مَـٰلِكِ يَوْمِ ٱلدِّينِ,ali_basfar,4.237,audio_3.wav
إِيَّاكَ نَعْبُدُ وَإِيَّاكَ نَسْتَعِينُ,ali_basfar,5.407,audio_4.wav
ٱهْدِنَا ٱلصِّرَٰطَ ٱلْمُسْتَقِيمَ,ali_basfar,5.173,audio_5.wav
صِرَٰطَ ٱلَّذِينَ أَنْعَمْتَ عَلَيْهِمْ غَيْرِ ٱلْمَغْضُوبِ عَلَيْهِمْوَلَا ٱلضَّآلِّينَ,ali_basfar,13.103,audio_6.wav
الٓمٓ,ali_basfar,6.985,audio_8.wav
ذَلِكَ الْكِتَابُ لَا رَيْبَ فِيهِ هُدًى لِلْمُتَّقِينَ,ali_basfar,9.167,audio_9.wav
وَٱلَّذِينَ يُؤْمِنُونَ بِمَآ أُنزِلَ إِلَيْكَ وَمَآ أُنزِلَ مِن قَبْلِكَ وَبِٱلْـَٔاخِرَةِهُمْ يُوقِنُونَ,ali_basfar,15.79,audio_12.wav
أُو۟لَـٰٓئِكَ عَلَىٰ هُدًۭى مِّن رَّبِّهِمْ ۖ وَأُو۟لَـٰٓئِكَ هُمُ ٱلْمُفْلِحُونَ,ali_basfar,10.931,audio_13.wav
إِنَّ ٱلَّذِينَ كَفَرُوا۟ سَوَآءٌ عَلَيْهِمْ ءَأَنذَرْتَهُمْ أَمْ لَمْ تُنذِرْهُمْ لَا يُؤْمِنُونَ,ali_basfar,14.304,audio_14.wav
وَمِنَ ٱلنَّاسِ مَن يَقُولُ ءَامَنَّا بِٱللَّهِ وَبِٱلْيَوْمِ ٱلْـَٔاخِرِ وَمَا هُم بِمُؤْمِنِينَ,ali_basfar,13.689,audio_18.wav
فِى قُلُوبِهِم مَّرَضٌۭ فَزَادَهُمُ ٱللَّهُ مَرَضًۭاوَلَهُمْ عَذَابٌ أَلِيمٌۢ بِمَا كَانُوا۟ يَكْذِبُونَ,ali_basfar,15.513,audio_20.wav
وَإِذَا قِيلَ لَهُمْ لَا تُفْسِدُوا۟ فِى ٱلْأَرْضِ قَالُوٓا۟ إِنَّمَا نَحْنُ مُصْلِحُونَ,ali_basfar,11.597,audio_22.wav
أَلَآ إِنَّهُمْ هُمُ ٱلْمُفْسِدُونَ وَلَـٰكِن لَّا يَشْعُرُونَ,ali_basfar,9.413,audio_23.wav
وَإِذَا قِيلَ لَهُمْ ءَامِنُوا۟ كَمَآ ءَامَنَ ٱلنَّاسُ قَالُوٓا۟ أَنُؤْمِنُ كَمَآ ءَامَنَ ٱلسُّفَهَآءُأَلَآ إِنَّهُمْ هُمُ ٱلسُّفَهَآءُ وَلَـٰكِن لَّا يَعْلَمُونَ,ali_basfar,25.521,audio_24.wav
ٱللَّهُ يَسْتَهْزِئُ بِهِمْ وَيَمُدُّهُمْ فِى طُغْيَـٰنِهِمْ يَعْمَهُونَ,ali_basfar,9.372,audio_28.wav
أُو۟لَـٰٓئِكَ ٱلَّذِينَ ٱشْتَرَوُا۟ ٱلضَّلَـٰلَةَ بِٱلْهُدَىٰ فَمَا رَبِحَت تِّجَـٰرَتُهُمْ وَمَا كَانُوا۟ مُهْتَدِينَ,ali_basfar,14.079,audio_29.wav
صُمٌّۢ بُكْمٌ عُمْىٌۭ فَهُمْ لَا يَرْجِعُونَ,ali_basfar,8.718,audio_32.wav
يَكَادُ ٱلْبَرْقُ يَخْطَفُ أَبْصَـٰرَهُمْكُلَّمَآ أَضَآءَ لَهُممَّشَوْا۟ فِيهِ وَإِذَآ أَظْلَمَ عَلَيْهِمْ قَامُوا۟وَلَوْ شَآءَ ٱللَّهُلَذَهَبَ بِسَمْعِهِمْ وَأَبْصَـٰرِهِمْإِنَّ ٱللَّهَ عَلَىٰ كُلِّشَىْءٍۢ قَدِيرٌۭ,ali_basfar,32.918,audio_36.wav
يَـٰٓأَيُّهَا ٱلنَّاسُ ٱعْبُدُوا۟ رَبَّكُمُ ٱلَّذِى خَلَقَكُمْ وَٱلَّذِينَ مِن قَبْلِكُمْ لَعَلَّكُمْ تَتَّقُونَ,ali_basfar,15.389,audio_40.wav
وَإِن كُنتُمْ فِى رَيْبٍۢ مِّمَّا نَزَّلْنَا عَلَىٰ عَبْدِنَا فَأْتُوا۟ بِسُورَةٍۢ مِّن مِّثْلِهِۦ وَٱدْعُوا۟ شُهَدَآءَكُموَٱدْعُوا۟ شُهَدَآءَكُممِّن دُونِ ٱللَّهِ إِن كُنتُمْ صَـٰدِقِينَ,ali_basfar,30.304,audio_43.wav
فَإِن لَّمْ تَفْعَلُوا۟ وَلَن تَفْعَلُوا۟ فَٱتَّقُوا۟ ٱلنَّارَ ٱلَّتِى وَقُودُهَا ٱلنَّاسُ وَٱلْحِجَارَةُأُعِدَّتْ لِلْكَـٰفِرِينَ,ali_basfar,17.495,audio_45.wav
كَيْفَ تَكْفُرُونَ بِٱللَّهِ وَكُنتُمْ أَمْوَٰتًۭا فَأَحْيَـٰكُمْ ۖ ثُمَّ يُمِيتُكُمْ ثُمَّ يُحْيِيكُمْ ثُمَّ إِلَيْهِ تُرْجَعُونَ,ali_basfar,18.174,audio_59.wav
هُوَ ٱلَّذِى خَلَقَ لَكُم مَّا فِى ٱلْأَرْضِ جَمِيعًۭا ثُمَّ ٱسْتَوَىٰٓ إِلَى ٱلسَّمَآءِ فَسَوَّىٰهُنَّ سَبْعَ سَمَـٰوَٰتٍۢوَهُوَ بِكُلِّ شَىْءٍ عَلِيمٌۭ,ali_basfar,22.316,audio_60.wav
وَإِذْ قَالَ رَبُّكَ لِلْمَلَـٰٓئِكَةِ إِنِّى جَاعِلٌۭ فِى ٱلْأَرْضِ خَلِيفَةًۭقَالُوٓا۟ أَتَجْعَلُ فِيهَا مَن يُفْسِدُ فِيهَا وَيَسْفِكُ ٱلدِّمَآءَ وَنَحْنُ نُسَبِّحُ بِحَمْدِكَ وَنُقَدِّسُ لَكَقَالَ إِنِّىٓ أَعْلَمُ مَا لَا تَعْلَمُونَ,ali_basfar,33.436,audio_62.wav
قَالُوا۟ سُبْحَـٰنَكَ لَا عِلْمَ لَنَآ إِلَّا مَا عَلَّمْتَنَآإِنَّكَ أَنتَ ٱلْعَلِيمُ ٱلْحَكِيمُ,ali_basfar,15.112,audio_67.wav
وَإِذْ قُلْنَا لِلْمَلَـٰٓئِكَةِ ٱسْجُدُوا۟ لِـَٔادَمَ فَسَجَدُوٓا۟ إِلَّآ إِبْلِيسَ أَبَىٰ وَٱسْتَكْبَرَ وَكَانَ مِنَ ٱلْكَـٰفِرِينَ,ali_basfar,16.382,audio_72.wav
فَتَلَقَّىٰٓ ءَادَمُ مِن رَّبِّهِۦ كَلِمَـٰتٍۢ فَتَابَ عَلَيْهِإِنَّهُۥ هُوَ ٱلتَّوَّابُ ٱلرَّحِيمُ,ali_basfar,16.548,audio_77.wav
قُلْنَا ٱهْبِطُوا۟ مِنْهَا جَمِيعًۭافَإِمَّا يَأْتِيَنَّكُم مِّنِّى هُدًۭى فَمَن تَبِعَ هُدَاىَ فَلَا خَوْفٌ عَلَيْهِمْ وَلَا هُمْ يَحْزَنُونَ,ali_basfar,20.914,audio_79.wav
وَٱلَّذِينَ كَفَرُوا۟ وَكَذَّبُوا۟ بِـَٔايَـٰتِنَآ أُو۟لَـٰٓئِكَ أَصْحَـٰبُ ٱلنَّارِهُمْ فِيهَا خَـٰلِدُونَ,ali_basfar,16.621,audio_81.wav
يَـٰبَنِىٓ إِسْرَٰٓءِيلَ ٱذْكُرُوا۟ نِعْمَتِىَ ٱلَّتِىٓ أَنْعَمْتُ عَلَيْكُمْ وَأَوْفُوا۟ بِعَهْدِىٓ أُوفِ بِعَهْدِكُمْ وَإِيَّـٰىَ فَٱرْهَبُونِ,ali_basfar,18.765,audio_83.wav
وَءَامِنُوا۟ بِمَآ أَنزَلْتُ مُصَدِّقًۭا لِّمَا مَعَكُمْ وَلَا تَكُونُوٓا۟ أَوَّلَ كَافِرٍۭ بِهِۦ ۖ وَلَا تَشْتَرُوا۟وَلَا تَشْتَرُوا۟ بِـَٔايَـٰتِى ثَمَنًۭا قَلِيلًۭا وَإِيَّـٰىَ فَٱتَّقُونِ,ali_basfar,26.929,audio_84.wav
وَلَا تَلْبِسُوا۟ ٱلْحَقَّ بِٱلْبَـٰطِلِ وَتَكْتُمُوا۟ ٱلْحَقَّ وَأَنتُمْ تَعْلَمُونَ,ali_basfar,9.837,audio_86.wav
وَأَقِيمُوا۟ ٱلصَّلَوٰةَ وَءَاتُوا۟ ٱلزَّكَوٰةَ وَٱرْكَعُوا۟ مَعَ ٱلرَّٰكِعِينَ,ali_basfar,8.7,audio_87.wav
أَتَأْمُرُونَ ٱلنَّاسَ بِٱلْبِرِّ وَتَنسَوْنَ أَنفُسَكُمْ وَأَنتُمْ تَتْلُونَ ٱلْكِتَـٰبَأَفَلَا تَعْقِلُونَ,ali_basfar,18.173,audio_88.wav
وَٱسْتَعِينُوا۟ بِٱلصَّبْرِ وَٱلصَّلَوٰةِوَإِنَّهَا لَكَبِيرَةٌ إِلَّا عَلَى ٱلْخَـٰشِعِينَ,ali_basfar,13.628,audio_90.wav
يَـٰبَنِىٓ إِسْرَٰٓءِيلَ ٱذْكُرُوا۟ نِعْمَتِىَ ٱلَّتِىٓ أَنْعَمْتُ عَلَيْكُمْ وَأَنِّى فَضَّلْتُكُمْ عَلَى ٱلْعَـٰلَمِينَ,ali_basfar,16.54,audio_93.wav
وَإِذْ نَجَّيْنَـٰكُم مِّنْ ءَالِ فِرْعَوْنَ يَسُومُونَكُمْ سُوٓءَ ٱلْعَذَابِ يُذَبِّحُونَ أَبْنَآءَكُمْ وَيَسْتَحْيُونَ نِسَآءَكُمْوَفِى ذَٰلِكُم بَلَآءٌۭ مِّن رَّبِّكُمْ عَظِيمٌۭ,ali_basfar,26.215,audio_96.wav
وَإِذْ فَرَقْنَا بِكُمُ ٱلْبَحْرَ فَأَنجَيْنَـٰكُمْ وَأَغْرَقْنَآ ءَالَ فِرْعَوْنَ وَأَنتُمْ تَنظُرُونَ,ali_basfar,14.889,audio_98.wav
ثُمَّ عَفَوْنَا عَنكُم مِّنۢ بَعْدِ ذَٰلِكَ لَعَلَّكُمْ تَشْكُرُونَ,ali_basfar,10.846,audio_100.wav
وَإِذْ ءَاتَيْنَا مُوسَى ٱلْكِتَـٰبَ وَٱلْفُرْقَانَ لَعَلَّكُمْ تَهْتَدُونَ,ali_basfar,9.327,audio_101.wav
وَإِذْ قُلْتُمْ يَـٰمُوسَىٰ لَن نُّؤْمِنَ لَكَ حَتَّىٰ نَرَى ٱللَّهَ جَهْرَةًۭ فَأَخَذَتْكُمُ ٱلصَّـٰعِقَةُ وَأَنتُمْ تَنظُرُونَ,ali_basfar,16.917,audio_105.wav
ثُمَّ بَعَثْنَـٰكُم مِّنۢ بَعْدِ مَوْتِكُمْ لَعَلَّكُمْ تَشْكُرُونَ,ali_basfar,10.231,audio_106.wav
وَظَلَّلْنَا عَلَيْكُمُ ٱلْغَمَامَ وَأَنزَلْنَا عَلَيْكُمُ ٱلْمَنَّ وَٱلسَّلْوَىٰ ۖ كُلُوا۟ مِن طَيِّبَـٰتِ مَا رَزَقْنَـٰكُمْ ۖ وَمَا ظَلَمُونَا وَلَـٰكِن كَانُوٓا۟ أَنفُسَهُمْ يَظْلِمُونَ,ali_basfar,26.863,audio_107.wav
فَبَدَّلَ ٱلَّذِينَ ظَلَمُوا۟ قَوْلًا غَيْرَ ٱلَّذِى قِيلَ لَهُمْ فَأَنزَلْنَا عَلَى ٱلَّذِينَ ظَلَمُوا۟ رِجْزًۭا مِّنَ ٱلسَّمَآءِ بِمَا كَانُوا۟ يَفْسُقُونَ,ali_basfar,19.69,audio_113.wav
ثُمَّ تَوَلَّيْتُم مِّنۢ بَعْدِ ذَٰلِكَ ۖ فَلَوْلَا فَضْلُ ٱللَّهِ عَلَيْكُمْ وَرَحْمَتُهُۥ لَكُنتُم مِّنَ ٱلْخَـٰسِرِينَ,ali_basfar,16.86,audio_128.wav
وَلَقَدْ عَلِمْتُمُ ٱلَّذِينَ ٱعْتَدَوْا۟ مِنكُمْ فِى ٱلسَّبْتِ فَقُلْنَا لَهُمْ كُونُوا۟ قِرَدَةً خَـٰسِـِٔينَ,ali_basfar,12.482,audio_129.wav
فَجَعَلْنَـٰهَا نَكَـٰلًۭا لِّمَا بَيْنَ يَدَيْهَا وَمَا خَلْفَهَا وَمَوْعِظَةًۭ لِّلْمُتَّقِينَ,ali_basfar,11.706,audio_130.wav
وَإِذْ قَالَ مُوسَىٰ لِقَوْمِهِۦٓ إِنَّ ٱللَّهَ يَأْمُرُكُمْ أَن تَذْبَحُوا۟ بَقَرَةًۭ ۖ قَالُوٓا۟ أَتَتَّخِذُنَا هُزُوًۭا ۖ قَالَ أَعُوذُ بِٱللَّهِ أَنْ أَكُونَ مِنَ ٱلْجَـٰهِلِينَ,ali_basfar,23.299,audio_131.wav
قَالُوا۟ ٱدْعُ لَنَا رَبَّكَ يُبَيِّن لَّنَا مَا هِىَ ۚ قَالَ إِنَّهُۥ يَقُولُ إِنَّهَا بَقَرَةٌۭ لَّا فَارِضٌۭ وَلَا بِكْرٌ عَوَانٌۢ بَيْنَ ذَٰلِكَ ۖ فَٱفْعَلُوا۟ مَا تُؤْمَرُونَ,ali_basfar,23.505,audio_134.wav
قَالُوا۟ ٱدْعُ لَنَا رَبَّكَ يُبَيِّن لَّنَا مَا لَوْنُهَا ۚ قَالَ إِنَّهُۥ يَقُولُ إِنَّهَا بَقَرَةٌۭ صَفْرَآءُ فَاقِعٌۭ لَّوْنُهَا تَسُرُّ ٱلنَّـٰظِرِينَ,ali_basfar,22.246,audio_137.wav
قَالُوا۟ ٱدْعُ لَنَا رَبَّكَ يُبَيِّن لَّنَا مَا هِىَ إِنَّ ٱلْبَقَرَ تَشَـٰبَهَ عَلَيْنَا وَإِنَّآ إِن شَآءَ ٱللَّهُ لَمُهْتَدُونَ,ali_basfar,18.047,audio_139.wav
وَإِذْ قَتَلْتُمْ نَفْسًۭا فَٱدَّٰرَْٰٔتُمْ فِيهَا ۖ وَٱللَّهُ مُخْرِجٌۭ مَّا كُنتُمْ تَكْتُمُونَ,ali_basfar,13.424,audio_142.wav
فَقُلْنَا ٱضْرِبُوهُ بِبَعْضِهَا ۚ كَذَٰلِكَ يُحْىِ ٱللَّهُ ٱلْمَوْتَىٰ وَيُرِيكُمْ ءَايَـٰتِهِۦ لَعَلَّكُمْ تَعْقِلُونَ,ali_basfar,15.667,audio_143.wav
ثُمَّ قَسَتْ قُلُوبُكُم مِّنۢ بَعْدِ ذَٰلِكَ فَهِىَ كَٱلْحِجَارَةِ أَوْ أَشَدُّ قَسْوَةًۭ ۚ وَإِنَّ مِنَ ٱلْحِجَارَةِ لَمَا يَتَفَجَّرُ مِنْهُ ٱلْأَنْهَـٰرُ ۚ وَإِنَّ مِنْهَا لَمَا يَشَّقَّقُ فَيَخْرُجُ مِنْهُ ٱلْمَآءُ ۚ وَإِنَّ مِنْهَا لَمَا يَهْبِطُ مِنْ خَشْيَةِ ٱللَّهِ ۗ وَمَا ٱللَّهُ بِغَـٰفِلٍ عَمَّا تَعْمَلُونَ,ali_basfar,41.905,audio_144.wav
أَفَتَطْمَعُونَ أَن يُؤْمِنُوا۟ لَكُمْ وَقَدْ كَانَ فَرِيقٌۭ مِّنْهُمْ يَسْمَعُونَ كَلَـٰمَ ٱللَّهِ ثُمَّ يُحَرِّفُونَهُثُمَّ يُحَرِّفُونَهُۥ مِنۢ بَعْدِ مَا عَقَلُوهُ وَهُمْ يَعْلَمُونَۥ,ali_basfar,24.195,audio_149.wav
وَإِذَا لَقُوا۟ ٱلَّذِينَ ءَامَنُوا۟ قَالُوٓا۟ ءَامَنَّا وَإِذَا خَلَا بَعْضُهُمْ إِلَىٰ بَعْضٍۢ قَالُوٓا۟ أَتُحَدِّثُونَهُم بِمَا فَتَحَ ٱللَّهُ عَلَيْكُمْ لِيُحَآجُّوكُم بِهِۦ عِندَ رَبِّكُمْ ۚ أَفَلَا تَعْقِلُونَ,ali_basfar,35.543,audio_151.wav
وَمِنْهُمْ أُمِّيُّونَ لَا يَعْلَمُونَ ٱلْكِتَـٰبَ إِلَّآ أَمَانِىَّ وَإِنْ هُمْ إِلَّا يَظُنُّونَ,ali_basfar,14.246,audio_155.wav
وَقَالُوا۟ لَن تَمَسَّنَا ٱلنَّارُ إِلَّآ أَيَّامًۭا مَّعْدُودَةًۭ ۚ قُلْ أَتَّخَذْتُمْ عِندَ ٱللَّهِ عَهْدًۭا فَلَن يُخْلِفَ ٱللَّهُ عَهْدَهُۥٓ ۖ أَمْ تَقُولُونَ عَلَى ٱللَّهِ مَا لَا تَعْلَمُونَ,ali_basfar,31.858,audio_158.wav
بَلَىٰ مَن كَسَبَ سَيِّئَةًۭ وَأَحَـٰطَتْ بِهِۦ خَطِيٓـَٔتُهُۥ فَأُو۟لَـٰٓئِكَ أَصْحَـٰبُ ٱلنَّارِ ۖ هُمْ فِيهَا خَـٰلِدُونَ,ali_basfar,19.335,audio_161.wav
وَٱلَّذِينَ ءَامَنُوا۟ وَعَمِلُوا۟ ٱلصَّـٰلِحَـٰتِ أُو۟لَـٰٓئِكَ أَصْحَـٰبُ ٱلْجَنَّةِ ۖ هُمْ فِيهَا خَـٰلِدُونَ,ali_basfar,15.188,audio_163.wav
وَإِذْ أَخَذْنَا مِيثَـٰقَكُمْ لَا تَسْفِكُونَ دِمَآءَكُمْ وَلَا تُخْرِجُونَ أَنفُسَكُم مِّن دِيَـٰرِكُمْ ثُمَّ أَقْرَرْتُمْ وَأَنتُمْ تَشْهَدُونَ,ali_basfar,20.755,audio_168.wav
أُو۟لَـٰٓئِكَ ٱلَّذِينَ ٱشْتَرَوُا۟ ٱلْحَيَوٰةَ ٱلدُّنْيَا بِٱلْـَٔاخِرَةِ ۖ فَلَا يُخَفَّفُ عَنْهُمُ ٱلْعَذَابُ وَلَا هُمْ يُنصَرُونَ,ali_basfar,16.371,audio_174.wav
وَلَقَدْ ءَاتَيْنَا مُوسَى ٱلْكِتَـٰبَ وَقَفَّيْنَا مِنۢ بَعْدِهِۦ بِٱلرُّسُلِ ۖ وَءَاتَيْنَا عِيسَى ٱبْنَ مَرْيَمَ ٱلْبَيِّنَـٰتِ وَأَيَّدْنَـٰهُ بِرُوحِ ٱلْقُدُسِ ۗ أَفَكُلَّمَا جَآءَكُمْ رَسُولٌۢ بِمَا لَا تَهْوَىٰٓ أَنفُسُكُمُ ٱسْتَكْبَرْتُمْ فَفَرِيقًۭا كَذَّبْتُمْ وَفَرِيقًۭا تَقْتُلُونَ,ali_basfar,39.893,audio_175.wav
وَقَالُوا۟ قُلُوبُنَا غُلْفٌۢ ۚ بَل لَّعَنَهُمُ ٱللَّهُ بِكُفْرِهِمْ فَقَلِيلًۭا مَّا يُؤْمِنُونَ,ali_basfar,12.541,audio_179.wav
وَلَمَّا جَآءَهُمْ كِتَـٰبٌۭ مِّنْ عِندِ ٱللَّهِ مُصَدِّقٌۭ لِّمَا مَعَهُمْ وَكَانُوا۟ مِن قَبْلُ يَسْتَفْتِحُونَ عَلَى ٱلَّذِينَ كَفَرُوا۟ فَلَمَّا جَآءَهُم مَّا عَرَفُوا۟ كَفَرُوا۟ بِهِۦ ۚ فَلَعْنَةُ ٱللَّهِ عَلَى ٱلْكَـٰفِرِينَ,ali_basfar,38.911,audio_181.wav
بِئْسَمَا ٱشْتَرَوْا۟ بِهِۦٓ أَنفُسَهُمْ أَن يَكْفُرُوا۟ بِمَآ أَنزَلَ ٱللَّهُ بَغْيًا أَن يُنَزِّلَ ٱللَّهُ مِن فَضْلِهِۦ عَلَىٰ مَن يَشَآءُ مِنْ عِبَادِهِۦ ۖ فَبَآءُو بِغَضَبٍ عَلَىٰ غَضَبٍۢ ۚ وَلِلْكَـٰفِرِينَ عَذَابٌۭ مُّهِينٌۭ,ali_basfar,39.637,audio_184.wav
وَإِذَا قِيلَ لَهُمْ ءَامِنُوا۟ بِمَآ أَنزَلَ ٱللَّهُ قَالُوا۟ نُؤْمِنُ بِمَآ أُنزِلَ عَلَيْنَا وَيَكْفُرُونَ بِمَا وَرَآءَهُۥ وَهُوَ ٱلْحَقُّ مُصَدِّقًۭا لِّمَا مَعَهُمْ ۗ قُلْ فَلِمَ تَقْتُلُونَ أَنۢبِيَآءَ ٱللَّهِ مِن قَبْلُ إِن كُنتُم مُّؤْمِنِينَ,ali_basfar,41.196,audio_188.wav
وَلَقَدْ جَآءَكُم مُّوسَىٰ بِٱلْبَيِّنَـٰتِ ثُمَّ ٱتَّخَذْتُمُ ٱلْعِجْلَ مِنۢ بَعْدِهِۦ وَأَنتُمْ ظَـٰلِمُونَ,ali_basfar,16.041,audio_191.wav
وَلَن يَتَمَنَّوْهُ أَبَدًۢا بِمَا قَدَّمَتْ أَيْدِيهِمْ ۗ وَٱللَّهُ عَلِيمٌۢ بِٱلظَّـٰلِمِينَ,ali_basfar,14.816,audio_197.wav
وَلَتَجِدَنَّهُمْ أَحْرَصَ ٱلنَّاسِ عَلَىٰ حَيَوٰةٍۢ وَمِنَ ٱلَّذِينَ أَشْرَكُوا۟ ۚ يَوَدُّ أَحَدُهُمْ لَوْ يُعَمَّرُ أَلْفَ سَنَةٍۢ وَمَا هُوَ بِمُزَحْزِحِهِۦ مِنَ ٱلْعَذَابِ أَن يُعَمَّرَ ۗ وَٱللَّهُ بَصِيرٌۢ بِمَا يَعْمَلُونَ,ali_basfar,31.08,audio_199.wav
قُلْ مَن كَانَ عَدُوًّۭا لِّجِبْرِيلَ فَإِنَّهُۥ نَزَّلَهُۥ عَلَىٰ قَلْبِكَ بِإِذْنِ ٱللَّهِ مُصَدِّقًۭا لِّمَا بَيْنَ يَدَيْهِ وَهُدًۭى وَبُشْرَىٰ لِلْمُؤْمِنِينَ,ali_basfar,19.661,audio_202.wav
مَن كَانَ عَدُوًّۭا لِّلَّهِ وَمَلَـٰٓئِكَتِهِۦ وَرُسُلِهِۦ وَجِبْرِيلَ وَمِيكَىٰلَ فَإِنَّ ٱللَّهَ عَدُوٌّۭ لِّلْكَـٰفِرِينَ,ali_basfar,17.625,audio_203.wav
أَوَكُلَّمَا عَـٰهَدُوا۟ عَهْدًۭا نَّبَذَهُۥ فَرِيقٌۭ مِّنْهُم ۚ بَلْ أَكْثَرُهُمْ لَا يُؤْمِنُونَ,ali_basfar,14.029,audio_205.wav
وَٱتَّبَعُوا۟ مَا تَتْلُوا۟ ٱلشَّيَـٰطِينُ عَلَىٰ مُلْكِ سُلَيْمَـٰنَ ۖ وَمَا كَفَرَ سُلَيْمَـٰنُ وَلَـٰكِنَّ ٱلشَّيَـٰطِينَ كَفَرُوا۟ يُعَلِّمُونَ ٱلنَّاسَ ٱلسِّحْرَ وَمَآ أُنزِلَ عَلَى ٱلْمَلَكَيْنِ بِبَابِلَ هَـٰرُوتَ وَمَـٰرُوتَ ۚ وَمَا يُعَلِّمَانِ مِنْ أَحَدٍ حَتَّىٰ يَقُولَآ إِنَّمَا نَحْنُ فِتْنَةٌۭ فَلَا تَكْفُرْ ۖ فَيَتَعَلَّمُونَ مِنْهُمَا مَا يُفَرِّقُونَ بِهِۦ بَيْنَ ٱلْمَرْءِ وَزَوْجِهِۦ ۚ وَمَا هُم بِضَآرِّينَ بِهِۦ مِنْ أَحَدٍ إِلَّا بِإِذْنِ ٱللَّهِ ۚ وَيَتَعَلَّمُونَ مَا يَضُرُّهُمْ وَلَا يَنفَعُهُمْ ۚ وَلَقَدْ عَلِمُوا۟ لَمَنِ ٱشْتَرَىٰهُ مَا لَهُۥ فِى ٱلْـَٔاخِرَةِ مِنْ خَلَـٰقٍۢ ۚ وَلَبِئْسَ مَا شَرَوْا۟ بِهِۦٓ أَنفُسَهُمْ ۚ لَوْ كَانُوا۟ يَعْلَمُونَ,ali_basfar,91.48,audio_209.wav
يَـٰٓأَيُّهَا ٱلَّذِينَ ءَامَنُوا۟ لَا تَقُولُوا۟ رَٰعِنَا وَقُولُوا۟ ٱنظُرْنَا وَٱسْمَعُوا۟ ۗ وَلِلْكَـٰفِرِينَ عَذَابٌ أَلِيمٌۭا۟,ali_basfar,17.107,audio_221.wav
مَّا يَوَدُّ ٱلَّذِينَ كَفَرُوا۟ مِنْ أَهْلِ ٱلْكِتَـٰبِ وَلَا ٱلْمُشْرِكِينَ أَن يُنَزَّلَ عَلَيْكُم مِّنْ خَيْرٍۢ مِّن رَّبِّكُمْ ۗ وَٱللَّهُ يَخْتَصُّ بِرَحْمَتِهِۦ مَن يَشَآءُ ۚ وَٱللَّهُ ذُو ٱلْفَضْلِ ٱلْعَظِيمِ,ali_basfar,27.262,audio_223.wav
مَا نَنسَخْ مِنْ ءَايَةٍ أَوْ نُنسِهَا نَأْتِ بِخَيْرٍۢ مِّنْهَآ أَوْ مِثْلِهَآ ۗ أَلَمْ تَعْلَمْ أَنَّ ٱللَّهَ عَلَىٰ كُلِّ شَىْءٍۢ قَدِيرٌ,ali_basfar,21.106,audio_226.wav
أَلَمْ تَعْلَمْ أَنَّ ٱللَّهَ لَهُۥ مُلْكُ ٱلسَّمَـٰوَٰتِ وَٱلْأَرْضِ ۗ وَمَا لَكُم مِّن دُونِ ٱللَّهِ مِن وَلِىٍّۢ وَلَا نَصِيرٍ,ali_basfar,18.899,audio_228.wav
أَمْ تُرِيدُونَ أَن تَسْـَٔلُوا۟ رَسُولَكُمْ كَمَا سُئِلَ مُوسَىٰ مِن قَبْلُ ۗ وَمَن يَتَبَدَّلِ ٱلْكُفْرَ بِٱلْإِيمَـٰنِ فَقَدْ ضَلَّ سَوَآءَ ٱلسَّبِيلِ,ali_basfar,20.966,audio_230.wav
وَدَّ كَثِيرٌۭ مِّنْ أَهْلِ ٱلْكِتَـٰبِ لَوْ يَرُدُّونَكُم مِّنۢ بَعْدِ إِيمَـٰنِكُمْ كُفَّارًا حَسَدًۭا مِّنْ عِندِ أَنفُسِهِم مِّنۢ بَعْدِ مَا تَبَيَّنَ لَهُمُ ٱلْحَقُّ ۖ فَٱعْفُوا۟ وَٱصْفَحُوا۟ حَتَّىٰ يَأْتِىَ ٱللَّهُ بِأَمْرِهِۦٓ ۗ إِنَّ ٱللَّهَ عَلَىٰ كُلِّ شَىْءٍۢ قَدِيرٌۭ,ali_basfar,40.24,audio_232.wav
وَأَقِيمُوا۟ ٱلصَّلَوٰةَ وَءَاتُوا۟ ٱلزَّكَوٰةَ ۚ وَمَا تُقَدِّمُوا۟ لِأَنفُسِكُم مِّنْ خَيْرٍۢ تَجِدُوهُ عِندَ ٱللَّهِ ۗ إِنَّ ٱللَّهَ بِمَا تَعْمَلُونَ بَصِيرٌۭ,ali_basfar, 23.98,audio_236.wav
وَقَالُوا۟ لَن يَدْخُلَ ٱلْجَنَّةَ إِلَّا مَن كَانَ هُودًا أَوْ نَصَـٰرَىٰ ۗ تِلْكَ أَمَانِيُّهُمْ ۗ قُلْ هَاتُوا۟ بُرْهَـٰنَكُمْ إِن كُنتُمْ صَـٰدِقِينَ,ali_basfar,22.253,audio_239.wav
بَلَىٰ مَنْ أَسْلَمَ وَجْهَهُۥ لِلَّهِ وَهُوَ مُحْسِنٌۭ فَلَهُۥٓ أَجْرُهُۥ عِندَ رَبِّهِۦ وَلَا خَوْفٌ عَلَيْهِمْ وَلَا هُمْ يَحْزَنُونَ,ali_basfar,21.801,audio_242.wav
وَقَالَتِ ٱلْيَهُودُ لَيْسَتِ ٱلنَّصَـٰرَىٰ عَلَىٰ شَىْءٍۢ وَقَالَتِ ٱلنَّصَـٰرَىٰ لَيْسَتِ ٱلْيَهُودُ عَلَىٰ شَىْءٍۢ وَهُمْ يَتْلُونَ ٱلْكِتَـٰبَ ۗ كَذَٰلِكَ قَالَ ٱلَّذِينَ لَا يَعْلَمُونَ مِثْلَ قَوْلِهِمْ ۚ فَٱللَّهُ يَحْكُمُ بَيْنَهُمْ يَوْمَ ٱلْقِيَـٰمَةِ فِيمَا كَانُوا۟ فِيهِ يَخْتَلِفُونَ,ali_basfar,35.987,audio_244.wav
وَمَنْ أَظْلَمُ مِمَّن مَّنَعَ مَسَـٰجِدَ ٱللَّهِ أَن يُذْكَرَ فِيهَا ٱسْمُهُۥ وَسَعَىٰ فِى خَرَابِهَآ ۚ أُو۟لَـٰٓئِكَ مَا كَانَ لَهُمْ أَن يَدْخُلُوهَآ إِلَّا خَآئِفِينَ ۚ لَهُمْ فِى ٱلدُّنْيَا خِزْىٌۭ وَلَهُمْ فِى ٱلْـَٔاخِرَةِ عَذَابٌ عَظِيمٌۭ,ali_basfar,35.931,audio_247.wav
وَلِلَّهِ ٱلْمَشْرِقُ وَٱلْمَغْرِبُ ۚ فَأَيْنَمَا تُوَلُّوا۟ فَثَمَّ وَجْهُ ٱللَّهِ ۚ إِنَّ ٱللَّهَ وَٰسِعٌ عَلِيمٌۭ,ali_basfar,17.937,audio_250.wav
وَقَالُوا۟ ٱتَّخَذَ ٱللَّهُ وَلَدًۭا ۗ سُبْحَـٰنَهُۥ ۖ بَل لَّهُۥ مَا فِى ٱلسَّمَـٰوَٰتِ وَٱلْأَرْضِ ۖ كُلٌّۭ لَّهُۥ قَـٰنِتُونَ,ali_basfar,16.521,audio_253.wav
وَقَالَ ٱلَّذِينَ لَا يَعْلَمُونَ لَوْلَا يُكَلِّمُنَا ٱللَّهُ أَوْ تَأْتِينَآ ءَايَةٌۭ ۗ كَذَٰلِكَ قَالَ ٱلَّذِينَ مِن قَبْلِهِم مِّثْلَ قَوْلِهِمْ ۘ تَشَـٰبَهَتْ قُلُوبُهُمْ ۗ قَدْ بَيَّنَّا ٱلْـَٔايَـٰتِ لِقَوْمٍۢ يُوقِنُونَ,ali_basfar,31.147,audio_259.wav
إِنَّآ أَرْسَلْنَـٰكَ بِٱلْحَقِّ بَشِيرًۭا وَنَذِيرًۭا ۖ وَلَا تُسْـَٔلُ عَنْ أَصْحَـٰبِ ٱلْجَحِيمِ,ali_basfar,16.07,audio_262.wav
وَلَن تَرْضَىٰ عَنكَ ٱلْيَهُودُ وَلَا ٱلنَّصَـٰرَىٰ حَتَّىٰ تَتَّبِعَ مِلَّتَهُمْ ۗ قُلْ إِنَّ هُدَى ٱللَّهِ هُوَ ٱلْهُدَىٰ ۗ وَلَئِنِ ٱتَّبَعْتَ أَهْوَآءَهُم بَعْدَ ٱلَّذِى جَآءَكَ مِنَ ٱلْعِلْمِ ۙ مَا لَكَ مِنَ ٱللَّهِ مِن وَلِىٍّۢ وَلَا نَصِيرٍ,ali_basfar,33.251,audio_264.wav
ٱلَّذِينَ ءَاتَيْنَـٰهُمُ ٱلْكِتَـٰبَ يَتْلُونَهُۥ حَقَّ تِلَاوَتِهِۦٓ أُو۟لَـٰٓئِكَ يُؤْمِنُونَ بِهِۦ ۗ وَمَن يَكْفُرْ بِهِۦ فَأُو۟لَـٰٓئِكَ هُمُ ٱلْخَـٰسِرُونَ,ali_basfar,22.415,audio_267.wav
وَٱتَّقُوا۟ يَوْمًۭا لَّا تَجْزِى نَفْسٌ عَن نَّفْسٍۢ شَيْـًۭٔا وَلَا يُقْبَلُ مِنْهَا عَدْلٌۭ وَلَا تَنفَعُهَا شَفَـٰعَةٌۭ وَلَا هُمْ يُنصَرُونَ,ali_basfar,24.789,audio_270.wav
وَإِذْ قَالَ إِبْرَٰهِـۧمُ رَبِّ ٱجْعَلْ هَـٰذَا بَلَدًا ءَامِنًۭا وَٱرْزُقْ أَهْلَهُۥ مِنَ ٱلثَّمَرَٰتِ مَنْ ءَامَنَ مِنْهُم بِٱللَّهِ وَٱلْيَوْمِ ٱلْـَٔاخِرِ ۖ قَالَ وَمَن كَفَرَ فَأُمَتِّعُهُۥ قَلِيلًۭا ثُمَّ أَضْطَرُّهُۥٓ إِلَىٰ عَذَابِ ٱلنَّارِ ۖ وَبِئْسَ ٱلْمَصِيرُ,ali_basfar,40.054,audio_280.wav
وَإِذْ يَرْفَعُ إِبْرَٰهِـۧمُ ٱلْقَوَاعِدَ مِنَ ٱلْبَيْتِ وَإِسْمَـٰعِيلُ رَبَّنَا تَقَبَّلْ مِنَّآ ۖ إِنَّكَ أَنتَ ٱلسَّمِيعُ ٱلْعَلِيمُ,ali_basfar,17.328,audio_283.wav
رَبَّنَا وَٱبْعَثْ فِيهِمْ رَسُولًۭا مِّنْهُمْ يَتْلُوا۟ عَلَيْهِمْ ءَايَـٰتِكَ وَيُعَلِّمُهُمُ ٱلْكِتَـٰبَ وَٱلْحِكْمَةَ وَيُزَكِّيهِمْ ۚ إِنَّكَ أَنتَ ٱلْعَزِيزُ ٱلْحَكِيمُ,ali_basfar,20.242,audio_287.wav
وَمَن يَرْغَبُ عَن مِّلَّةِ إِبْرَٰهِـۧمَ إِلَّا مَن سَفِهَ نَفْسَهُۥ ۚ وَلَقَدِ ٱصْطَفَيْنَـٰهُ فِى ٱلدُّنْيَا ۖ وَإِنَّهُۥ فِى ٱلْـَٔاخِرَةِ لَمِنَ ٱلصَّـٰلِحِينَ,ali_basfar,19.092,audio_289.wav
إِذْ قَالَ لَهُۥ رَبُّهُۥٓ أَسْلِمْ ۖ قَالَ أَسْلَمْتُ لِرَبِّ ٱلْعَـٰلَمِينَ,ali_basfar,9.547,audio_291.wav
وَوَصَّىٰ بِهَآ إِبْرَٰهِـۧمُ بَنِيهِ وَيَعْقُوبُ يَـٰبَنِىَّ إِنَّ ٱللَّهَ ٱصْطَفَىٰ لَكُمُ ٱلدِّينَ فَلَا تَمُوتُنَّ إِلَّا وَأَنتُم مُّسْلِمُونَ,ali_basfar,19.37,audio_292.wav
تِلْكَ أُمَّةٌۭ قَدْ خَلَتْ ۖ لَهَا مَا كَسَبَتْ وَلَكُم مَّا كَسَبْتُمْ ۖ وَلَا تُسْـَٔلُونَ عَمَّا كَانُوا۟ يَعْمَلُونَ,ali_basfar,17.407,audio_295.wav
وَقَالُوا۟ كُونُوا۟ هُودًا أَوْ نَصَـٰرَىٰ تَهْتَدُوا۟ ۗ قُلْ بَلْ مِلَّةَ إِبْرَٰهِـۧمَ حَنِيفًۭا ۖ وَمَا كَانَ مِنَ ٱلْمُشْرِكِينَ,ali_basfar,15.606,audio_298.wav
صِبْغَةَ ٱللَّهِ ۖ وَمَنْ أَحْسَنُ مِنَ ٱللَّهِ صِبْغَةًۭ ۖ وَنَحْنُ لَهُۥ عَـٰبِدُونَ,ali_basfar,11.21,audio_306.wav
تِلْكَ أُمَّةٌ قَدْ خَلَتْ لَهَا مَا كَسَبَتْ وَلَكُمْ مَا كَسَبْتُمْ وَلَا تُسْأَلُونَ عَمَّا كَانُوا يَعْمَلُونَ,ali_basfar,11.21,audio_313.wav
